Original URL,Redirect URL
https://blog.apiant.com/en,https://apiant.com/blog/
https://blog.apiant.com/en/5-reasons-you-can-reduce-churn-by-integrating-your-mindbody-and-hubspot-accounts,https://apiant.com/blog/posts/5-reasons-you-can-reduce-churn-by-integrating-your-mindbody-and-hubspot-accounts/
https://blog.apiant.com/en/9-key-questions-businesses-using-mindbody-must-answer-to-automate-growth,https://apiant.com/blog/posts/9-key-questions-businesses-using-mindbody-must-answer-to-automate-growth/
https://blog.apiant.com/en/9-key-questions-businesses-using-mindbody-must-answer-to-automate-growth-0,https://apiant.com/blog/posts/9-key-questions-businesses-using-mindbody-must-answer-to-automate-growth-0/
https://blog.apiant.com/en/appconnects-enhanced-mindbody-zapier-connectors,https://apiant.com/blog/posts/appconnects-enhanced-mindbody-zapier-connectors/
https://blog.apiant.com/en/auto-create-hubspot-properties-from-a-csv,https://apiant.com/blog/posts/auto-create-hubspot-properties-from-a-csv/
https://blog.apiant.com/en/automating-marketing-with-mindbody-and-hubspot,https://apiant.com/blog/posts/automating-marketing-with-mindbody-and-hubspot/
https://blog.apiant.com/en/breaking-down-barriers-how-real-time-next-class-and-appointment-updates-are-transforming-mindbody-activecampaign,https://apiant.com/blog/posts/breaking-down-barriers-how-real-time-next-class-and-appointment-updates-are-transforming-mindbody-activecampaign/
https://blog.apiant.com/en/copy-paste-multiple-actions-between-automations-apiant,https://apiant.com/blog/posts/copy-paste-multiple-actions-between-automations-apiant/
https://blog.apiant.com/en/create-a-custom-hubspot-crm-card-without-coding-with-apiant,https://apiant.com/blog/posts/create-a-custom-hubspot-crm-card-without-coding-with-apiant/
https://blog.apiant.com/en/enhanced-next-appointment-properties-hubspot-crmconnect-cliniko,https://apiant.com/blog/posts/enhanced-next-appointment-properties-hubspot-crmconnect-cliniko/
https://blog.apiant.com/en/how-beautyfix-uses-hubspot-and-mindbody-to-send-targeted-social-media-campaigns,https://apiant.com/blog/posts/how-beautyfix-uses-hubspot-and-mindbody-to-send-targeted-social-media-campaigns/
https://blog.apiant.com/en/revolutionize-your-yoga-studio-with-marketing-automation,https://apiant.com/blog/posts/revolutionize-your-yoga-studio-with-marketing-automation/
https://blog.apiant.com/en/setting-up-virtual-yoga-classes-with-zoom-and-mindbody,https://apiant.com/blog/posts/setting-up-virtual-yoga-classes-with-zoom-and-mindbody/
https://blog.apiant.com/en/shopconnect-shopify-meets-mindbody,https://apiant.com/blog/posts/shopconnect-shopify-meets-mindbody/
https://blog.apiant.com/f009829f-d594-4893-a388-52786f3802dc,https://apiant.com/blog/posts/shopconnect-shopify-meets-mindbody/
https://blog.apiant.com/f009829f-d594-4893-a388-52786f3802dc/-temporary-slug-93945479-ecde-4ff7-bdc6-bb9e3acceef9,https://apiant.com/blog/posts/shopconnect-shopify-meets-mindbody/
https://blog.apiant.com/f009829f-d594-4893-a388-52786f3802dc/-temporary-slug-a4730b38-9802-4a2d-8bf0-bd2659d5c511,https://apiant.com/blog/posts/shopconnect-shopify-meets-mindbody/
